key,unit,material,labor,scope,region,date,source,status
site_prep_grading,sqft,2.4,1.7,national,US,2026-09-27,legacy_model_allowance,uncalibrated
foundation_system,sqft,7.75,6,national,US,2026-09-27,legacy_model_allowance,uncalibrated
driveway_hardscape,sqft,6.8,3.4,national,US,2026-09-27,legacy_model_allowance,uncalibrated
framing,sqft,18.5,16.0,national,US,2026-09-27,legacy_model_allowance,uncalibrated
exterior_cladding_primary,sqft,7,3.5,national,US,2026-09-27,legacy_model_allowance,uncalibrated
exterior_cladding_accent,sqft,14,6,national,US,2026-09-27,legacy_model_allowance,uncalibrated
roofing,sqft,4,2.5,national,US,2026-09-27,legacy_model_allowance,uncalibrated
exterior_windows,unit,540,195,national,US,2026-09-27,legacy_model_allowance,uncalibrated
exterior_doors,unit,1250,420,national,US,2026-09-27,legacy_model_allowance,uncalibrated
garage_doors,unit,3200,980,national,US,2026-09-27,legacy_model_allowance,uncalibrated
insulation_air_sealing,sqft,2.8,1.9,national,US,2026-09-27,legacy_model_allowance,uncalibrated
hvac_system,sqft,8.5,5.5,national,US,2026-09-27,legacy_model_allowance,uncalibrated
plumbing_rough_in,fixture,1250,910,national,US,2026-09-27,legacy_model_allowance,uncalibrated
electrical_rough_in,sqft,4.0,2.9,national,US,2026-09-27,legacy_model_allowance,uncalibrated
water_heater,unit,1900,690,national,US,2026-09-27,legacy_model_allowance,uncalibrated
drywall,sqft,1.7,1.35,national,US,2026-09-27,legacy_model_allowance,uncalibrated
interior_paint,sqft,0.78,1.2,national,US,2026-09-27,legacy_model_allowance,uncalibrated
flooring_public,sqft,8,3.36,national,US,2026-09-27,legacy_model_allowance,uncalibrated
flooring_wet,sqft,9.5,4.37,national,US,2026-09-27,legacy_model_allowance,uncalibrated
flooring_bedrooms,sqft,4.5,1.8,national,US,2026-09-27,legacy_model_allowance,uncalibrated
interior_trim_millwork,lin ft,4.8,3.6,national,US,2026-09-27,legacy_model_allowance,uncalibrated
kitchen_cabinets,lin ft,220,90,national,US,2026-09-27,legacy_model_allowance,uncalibrated
kitchen_countertops,sqft,58,18,national,US,2026-09-27,legacy_model_allowance,uncalibrated
kitchen_appliances,kitchen,7800,900,national,US,2026-09-27,legacy_model_allowance,uncalibrated
bathroom_fixtures_finishes,bath,7200,3600,national,US,2026-09-27,legacy_model_allowance,uncalibrated
outdoor_living,sqft,0,0,national,US,2026-09-27,legacy_model_allowance,uncalibrated
permits_inspections,lump,0.0,0.025,national,US,2026-09-27,legacy_model_allowance,uncalibrated
design_engineering,lump,0.0,0.035,national,US,2026-09-27,legacy_model_allowance,uncalibrated
foundation_system_SLAB,sqft,7.75,6,national,US,2026-09-27,legacy_model_allowance,uncalibrated
foundation_system_CRAWL,sqft,12,8.75,national,US,2026-09-27,legacy_model_allowance,uncalibrated
foundation_system_BASEMENT,sqft,18.5,14.5,national,US,2026-09-27,legacy_model_allowance,uncalibrated
hvac_system_FORCED_AIR,sqft,8.5,5.5,national,US,2026-09-27,legacy_model_allowance,uncalibrated
hvac_system_HEAT_PUMP,sqft,11,6.5,national,US,2026-09-27,legacy_model_allowance,uncalibrated
hvac_system_MINI_SPLIT,sqft,9.25,6,national,US,2026-09-27,legacy_model_allowance,uncalibrated
outdoor_living_NONE,sqft,0,0,national,US,2026-09-27,legacy_model_allowance,uncalibrated
outdoor_living_COVERED_PORCH,sqft,26,18,national,US,2026-09-27,legacy_model_allowance,uncalibrated
outdoor_living_SCREENED_PORCH,sqft,31,19,national,US,2026-09-27,legacy_model_allowance,uncalibrated
outdoor_living_OPEN_DECK,sqft,17.5,12.5,national,US,2026-09-27,legacy_model_allowance,uncalibrated
outdoor_living_PATIO,sqft,13,10,national,US,2026-09-27,legacy_model_allowance,uncalibrated
water_heater_HEAT_PUMP,unit,3200,690,national,US,2026-09-27,legacy_model_allowance,uncalibrated
